{"KParameter" : 0.001000}
{"KParameter" : 0.000750}
{"KParameter" : 0.000500}
{"KParameter" : 0.000250}
{"KParameter" : 0.000125}
{"Kappa" : 0.0, "KParameter" : 0.001000}
{"Kappa" : 0.0, "KParameter" : 0.000750}
{"Kappa" : 0.0, "KParameter" : 0.000500}
{"Kappa" : 0.0, "KParameter" : 0.000250}
{"Kappa" : 0.0, "KParameter" : 0.000125}
