{"kParameter" : 0.001000}
{"kParameter" : 0.000750}
