{"kParameter" : 0.001000}
{"kParameter" : 0.000750}
{"kParameter" : 0.000500}
{"kParameter" : 0.000250}
{"kParameter" : 0.000125}
{"kappa" : 0.01, "kParameter" : 0.001000}
{"kappa" : 0.01, "kParameter" : 0.000750}
{"kappa" : 0.01, "kParameter" : 0.000500}
{"kappa" : 0.01, "kParameter" : 0.000250}
{"kappa" : 0.01, "kParameter" : 0.000125}
