{
    "avgRad": 0.06,
    "compressionAmount": 1e-06,
    "errorTolerance": 0.0001,
    "lbb": {
        "x": 0.10490400000009457,
        "y": 0.10490400000009457
    },
    "minRad": 1e-08,
    "muZero": 1.0,
    "numBubblesPerSweep": 1000,
    "numIntegrationSteps": 2000000,
    "numMaxBubbles": 5000,
    "numMaxSweeps": 1000,
    "phiTarget": 0.8,
    "rngSeed": 154248,
    "sigmaZero": 1.0,
    "stdDevRad": 0.0126,
    "tfr": {
        "x": 1.3950959999853367,
        "y": 1.3950959999853367
    },
    "timeStep": 2.4943235147781327e-14
}