{
    "AvgRad": 0.06,
    "CompressionAmount": 0.001,
    "ErrorTolerance": 1e-05,
    "InitialOverlapTolerance": 1.9,
    "Lbb": {
        "x": 0.20300000000000015,
        "y": 0.20300000000000015,
        "z": 0.20300000000000015
    },
    "MaxDeltaEnergy": 1e-05,
    "MinRad": 1e-08,
    "MuZero": 1.0,
    "NumBubbles": 16384,
    "NumBubblesPerCell": 96,
    "NumIntegrationSteps": 100,
    "NumStepsToRelax": 1000,
    "PhiTarget": 0.84,
    "RngSeed": 432216,
    "SigmaZero": 0.5,
    "SnapshotFilename": "snapshot",
    "StdDevRad": 0.0126,
    "Tfr": {
        "x": 2.7970000000000224,
        "y": 2.7970000000000224,
        "z": 4.796999999999932
    },
    "TimeStep": 0.11649025889821893
}