{
    "AvgRad": 0.06,
    "CompressionAmount": 1e-06,
    "ErrorTolerance": 0.0001,
    "InitialOverlapTolerance": 1.0,
    "Lbb": {
        "x": 0.9421810000062556,
        "y": 0.9421810000062556,
        "z": 0.9421810000062556
    },
    "MinRad": 1e-08,
    "MuZero": 1.0,
    "NumBubbles": 50000,
    "NumBubblesPerCell": 96,
    "NumIntegrationSteps": 1000000,
    "PhiTarget": 0.8,
    "RngSeed": 421356,
    "SigmaZero": 1.0,
    "SnapshotFilename": "snapshot",
    "StdDevRad": 0.0126,
    "Tfr": {
        "x": 3.257818999868304,
        "y": 3.257818999868304,
        "z": 4.057818999868304
    },
    "TimeStep": 1e-05
}