{
    "avgRad": 0.06,
    "compressionAmount": 1e-05,
    "errorTolerance": 0.0001,
    "lbb": {
        "x": 0.07254500000000216,
        "y": 0.07254500000000216
    },
    "minRad": 1e-08,
    "muZero": 1.0,
    "numBubblesPerSweep": 1000,
    "numIntegrationSteps": 50000,
    "numMaxBubbles": 5000,
    "numMaxSweeps": 1000,
    "phiTarget": 0.85,
    "rngSeed": 15658324,
    "sigmaZero": 1.0,
    "stdDevRad": 0.0126,
    "tfr": {
        "x": 1.4274549999995247,
        "y": 1.4274549999995247
    },
    "timeStep": 1.973812552382543e-15
}