{
    "AvgRad": 0.06,
    "ErrorTolerance": 1e-05,
    "KParameter": 1e-05,
    "Lbb": {
        "x": 0.5940999999999509,
        "y": 0.5940999999999509,
        "z": 0.5940999999999509
    },
    "MaxDeltaEnergy": 0.0001,
    "MuZero": 1.0,
    "NumBubblesPerCell": 96,
    "NumIntegrationSteps": 1000000,
    "NumStepsToRelax": 1000,
    "PhiTarget": 0.84,
    "RngSeed": 15251,
    "ScaleAmount": 0.0001,
    "SigmaZero": 1.0,
    "SnapshotFilename": "snapshot",
    "StdDevRad": 0.01,
    "Tfr": {
        "x": 9.405900000001385,
        "y": 9.405900000001385,
        "z": 9.405900000001385
    },
    "TimeStep": 0.09391410190798234
}