{
    "AvgRad": 0.06,
    "ErrorTolerance": 1e-05,
    "Lbb": {
        "x": -2.445800000000737,
        "y": -2.445800000000737,
        "z": -2.445800000000737
    },
    "MaxDeltaEnergy": 1e-05,
    "MinRad": 1e-08,
    "MuZero": 1.0,
    "NumBubblesPerCell": 96,
    "NumIntegrationSteps": 100,
    "NumStepsToRelax": 1000,
    "PhiTarget": 0.3,
    "RngSeed": 16651,
    "ScaleAmount": 0.0001,
    "SigmaZero": 0.5,
    "SnapshotFilename": "snapshot",
    "StdDevRad": 0.0126,
    "Tfr": {
        "x": 12.4457999999943,
        "y": 12.4457999999943,
        "z": 12.4457999999943
    },
    "TimeStep": 0.12589337302016965
}