{
    "AvgRad": 0.06,
    "CompressionAmount": 0.001,
    "ErrorTolerance": 1e-05,
    "InitialOverlapTolerance": 1.9,
    "Lbb": {
        "x": 0.5250000000000004,
        "y": 0.5250000000000004,
        "z": 0.5250000000000004
    },
    "MaxDeltaEnergy": 1e-05,
    "MinRad": 1e-08,
    "MuZero": 1.0,
    "NumBubbles": 16384,
    "NumBubblesPerCell": 96,
    "NumIntegrationSteps": 100,
    "NumStepsToRelax": 1000,
    "PhiTarget": 0.84,
    "RngSeed": 432216,
    "SigmaZero": 0.5,
    "SnapshotFilename": "snapshot",
    "StdDevRad": 0.0126,
    "Tfr": {
        "x": 4.474999999999825,
        "y": 4.474999999999825,
        "z": 4.474999999999825
    },
    "TimeStep": 0.1362153174507598
}