{
    "avgRad": 0.06,
    "compressionAmount": 1e-06,
    "errorTolerance": 0.0001,
    "lbb": {
        "x": 0.09540350000008507,
        "y": 0.09540350000008507
    },
    "minRad": 1e-08,
    "muZero": 1.0,
    "numBubblesPerSweep": 1000,
    "numIntegrationSteps": 1000000,
    "numMaxBubbles": 5000,
    "numMaxSweeps": 1000,
    "phiTarget": 0.8,
    "rngSeed": 15424,
    "sigmaZero": 1.0,
    "stdDevRad": 0.0126,
    "tfr": {
        "x": 1.4045964999866647,
        "y": 1.4045964999866647
    },
    "timeStep": 1.7740900646233968e-14
}