{
    "AvgRad": 0.06,
    "CompressionAmount": 1e-06,
    "ErrorTolerance": 0.0001,
    "InitialOverlapTolerance": 1.0,
    "Lbb": {
        "x": 2.980624000062721,
        "y": 2.980624000062721,
        "z": 2.980624000062721
    },
    "MinRad": 1e-08,
    "MuZero": 1.0,
    "NumBubbles": 1638,
    "NumBubblesPerCell": 96,
    "NumIntegrationSteps": 1000000,
    "PhiTarget": 0.8,
    "RngSeed": 421356,
    "SigmaZero": 1.0,
    "SnapshotFilename": "snapshot",
    "StdDevRad": 0.0126,
    "Tfr": {
        "x": 7.019376001359731,
        "y": 7.019376001359731,
        "z": 2.0193759995833744
    },
    "TimeStep": 1e-05
}