{
    "AvgRad": 0.06,
    "CompressionAmount": 0.001,
    "ErrorTolerance": 1e-05,
    "InitialOverlapTolerance": 1.9,
    "Lbb": {
        "x": 0.3980000000000003,
        "y": 0.3980000000000003,
        "z": 0.3980000000000003
    },
    "MaxDeltaEnergy": 1e-05,
    "MinRad": 1e-08,
    "MuZero": 1.0,
    "NumBubbles": 16384,
    "NumBubblesPerCell": 96,
    "NumIntegrationSteps": 100,
    "NumStepsToRelax": 1000,
    "PhiTarget": 0.84,
    "RngSeed": 432216,
    "SigmaZero": 0.5,
    "SnapshotFilename": "snapshot",
    "StdDevRad": 0.0126,
    "Tfr": {
        "x": 2.602000000000044,
        "y": 2.602000000000044,
        "z": 4.601999999999867
    },
    "TimeStep": 0.14341344145442192
}