{
    "AvgRad": 0.06,
    "ErrorTolerance": 1e-05,
    "Lbb": {
        "x": 0.12570000000000248,
        "y": 0.12570000000000248,
        "z": 0.12570000000000248
    },
    "MaxDeltaEnergy": 1e-05,
    "MinRad": 1e-08,
    "MuZero": 1.0,
    "NumBubblesPerCell": 96,
    "NumIntegrationSteps": 100,
    "NumStepsToRelax": 1000,
    "PhiTarget": 0.7,
    "RngSeed": 16651,
    "ScaleAmount": 0.0001,
    "SigmaZero": 0.5,
    "SnapshotFilename": "snapshot",
    "StdDevRad": 0.0126,
    "Tfr": {
        "x": 9.874300000000293,
        "y": 9.874300000000293,
        "z": 9.874300000000293
    },
    "TimeStep": 0.1136187691507031
}